{
  "mae": 9.598534688230497,
  "r2": 0.6985074312358651
}